<application>
  <component name="MaterialThemeConfig">
    <option name="allowDataCollection" value="true" />
    <option name="isHighContrast" value="true" />
    <option name="isWizardShown" value="true" />
    <option name="pristineConfig" value="false" />
    <option name="tabFontSizeEnabled" value="true" />
    <option name="tabFontSize" value="23" />
    <option name="accentColor" value="84ffff" />
    <option name="selectedTheme" value="DEEPOCEAN" />
    <option name="userId" value="6094a28d:17056c9386e:-8000" />
    <option name="version" value="4.11.5" />
  </component>
</application>